{"$schema":"http://schema.management.azure.com/schemas/2015-01-01/deploymentTemplate.json#","contentVersion":"1.0.0.0","parameters":{"factoryName":{"type":"string","metadata":"Data Factory name"},"salesdbsource":{"type":"string"},"Curation Spark Cluster":{"type":"string"},"Synapse Serverless":{"type":"string"},"httpsource":{"type":"string"},"traininglakehouse":{"type":"string"},"websitetrackinglogs":{"type":"string"},"restsource":{"type":"string"}},"variables":{"factoryId":"[concat('Microsoft.DataFactory/factories/', parameters('factoryName'))]"},"resources":[{"name":"[concat(parameters('factoryName'), '/electroniz_master_pipeline')]","type":"Microsoft.DataFactory/factories/pipelines","apiVersion":"2018-06-01","properties":{"description":"This pipeline runs the ingestion, curation and aggregation pipeline.","activities":[{"name":"Run electroniz_batch_ingestion_pipeline","type":"ExecutePipeline","dependsOn":[],"userProperties":[],"typeProperties":{"pipeline":{"referenceName":"electroniz_batch_ingestion_pipeline","type":"PipelineReference"},"waitOnCompletion":true,"parameters":{}}},{"name":"Run electroniz_curation_pipeline","type":"ExecutePipeline","dependsOn":[{"activity":"Run electroniz_batch_ingestion_pipeline","dependencyConditions":["Succeeded"]}],"userProperties":[],"typeProperties":{"pipeline":{"referenceName":"electroniz_curation_pipeline","type":"PipelineReference"},"waitOnCompletion":true,"parameters":{"STORAGE_ACCOUNT":{"value":"@pipeline().parameters.STORAGE_ACCOUNT","type":"Expression"},"BRONZE_LAYER_NAMESPACE":{"value":"@pipeline().parameters.BRONZE_LAYER_NAMESPACE","type":"Expression"},"SILVER_LAYER_NAMESPACE":{"value":"@pipeline().parameters.SILVER_LAYER_NAMESPACE","type":"Expression"},"STORE_SALES_FOLDER":{"value":"@pipeline().parameters.STORE_SALES_FOLDER","type":"Expression"},"ADLS_FOLDER":{"value":"@{formatDateTime(utcnow(),'yyyy')}/@{formatDateTime(utcnow(),'MM')}/@{formatDateTime(utcnow(),'dd')}/@{formatDateTime(utcnow(),'HH')}","type":"Expression"},"TABLE_LIST":{"value":"@pipeline().parameters.TABLE_LIST","type":"Expression"},"CURRENCY_LIST":{"value":"@pipeline().parameters.CURRENCY_LIST","type":"Expression"},"CURRENCY_FOLDER":{"value":"@pipeline().parameters.CURRENCY_FOLDER","type":"Expression"},"GEOLOCATION_FOLDER":{"value":"@pipeline().parameters.GEOLOCATION_FOLDER","type":"Expression"},"LOGS_FOLDER":{"value":"@pipeline().parameters.LOGS_FOLDER","type":"Expression"},"ECOMM_FOLDER":{"value":"@pipeline().parameters.ECOMM_FOLDER","type":"Expression"}}}},{"name":"Run electroniz_aggregation_pipeline","type":"ExecutePipeline","dependsOn":[{"activity":"Run electroniz_curation_pipeline","dependencyConditions":["Succeeded"]}],"userProperties":[],"typeProperties":{"pipeline":{"referenceName":"electroniz_aggregation_pipeline","type":"PipelineReference"},"waitOnCompletion":true,"parameters":{"EXT_TAB_FILE_FORMAT":{"value":"@pipeline().parameters.EXT_TAB_FILE_FORMAT","type":"Expression"},"EXT_DATA_SOURCE":{"value":"@pipeline().parameters.EXT_DATA_SOURCE","type":"Expression"},"EXT_CREDENTIALS":{"value":"@pipeline().parameters.EXT_CREDENTIALS","type":"Expression"},"EXT_TAB_LOCATION":{"value":"@pipeline().parameters.EXT_TAB_LOCATION","type":"Expression"},"SILVER_LAYER_NAMESPACE":{"value":"@pipeline().parameters.SILVER_LAYER_NAMESPACE","type":"Expression"},"GOLD_LAYER_NAMESPACE":{"value":"@pipeline().parameters.GOLD_LAYER_NAMESPACE","type":"Expression"}}}}],"parameters":{"STORAGE_ACCOUNT":{"type":"string"},"BRONZE_LAYER_NAMESPACE":{"type":"string"},"SILVER_LAYER_NAMESPACE":{"type":"string"},"STORE_SALES_FOLDER":{"type":"string"},"TABLE_LIST":{"type":"string"},"CURRENCY_LIST":{"type":"string"},"CURRENCY_FOLDER":{"type":"string"},"GEOLOCATION_FOLDER":{"type":"string"},"LOGS_FOLDER":{"type":"string"},"ECOMM_FOLDER":{"type":"string"},"EXT_TAB_FILE_FORMAT":{"type":"string"},"EXT_DATA_SOURCE":{"type":"string"},"EXT_CREDENTIALS":{"type":"string"},"EXT_TAB_LOCATION":{"type":"string"},"GOLD_LAYER_NAMESPACE":{"type":"string"}},"annotations":[],"lastPublishTime":"2021-07-07T20:43:46Z"},"dependsOn":["[concat(variables('factoryId'), '/pipelines/electroniz_batch_ingestion_pipeline')]","[concat(variables('factoryId'), '/pipelines/electroniz_curation_pipeline')]","[concat(variables('factoryId'), '/pipelines/electroniz_aggregation_pipeline')]"]},{"name":"[concat(parameters('factoryName'), '/electroniz_batch_ingestion_pipeline')]","type":"Microsoft.DataFactory/factories/pipelines","apiVersion":"2018-06-01","properties":{"description":"This pipeline will ingest data from sales database, currency conversion, geo-location and ecommerce website tracking","activities":[{"name":"Get Secret","type":"WebActivity","dependsOn":[],"policy":{"timeout":"7.00:00:00","retry":0,"retryIntervalInSeconds":30,"secureOutput":false,"secureInput":false},"userProperties":[],"typeProperties":{"url":"https://train11kvea444t6elpjao.vault.azure.net/secrets/dfCURRAPIKEY/1edd26da273b4862afd9f3e5b261f234?api-version=7.0","method":"GET","headers":{},"authentication":{"type":"MSI","resource":"https://vault.azure.net"}}},{"name":"Find SalesDB Tables","type":"Lookup","dependsOn":[{"activity":"Get Geo-location Mapping","dependencyConditions":["Succeeded"]}],"policy":{"timeout":"7.00:00:00","retry":0,"retryIntervalInSeconds":30,"secureOutput":false,"secureInput":false},"userProperties":[],"typeProperties":{"source":{"type":"AzureSqlSource","sqlReaderQuery":"SELECT QUOTENAME(table_schema)+'.'+QUOTENAME(table_name) AS Table_Name FROM information_Schema.tables WHERE table_name not in ('watermarktable', 'database_firewall_rules')","queryTimeout":"02:00:00","partitionOption":"None"},"dataset":{"referenceName":"salesdbds","type":"DatasetReference","parameters":{}},"firstRowOnly":false}},{"name":"For Each Table","type":"ForEach","dependsOn":[{"activity":"Find SalesDB Tables","dependencyConditions":["Succeeded"]}],"userProperties":[],"typeProperties":{"items":{"value":"@activity('Find SalesDB Tables').output.value","type":"Expression"},"activities":[{"name":"Lookup Old Watermark","type":"Lookup","dependsOn":[],"policy":{"timeout":"7.00:00:00","retry":0,"retryIntervalInSeconds":30,"secureOutput":false,"secureInput":false},"userProperties":[],"typeProperties":{"source":{"type":"AzureSqlSource","sqlReaderQuery":{"value":"SELECT * FROM [dbo].[watermarktable] AS WatermarkValue WHERE table_name='@{item().Table_Name}'","type":"Expression"},"queryTimeout":"02:00:00","partitionOption":"None"},"dataset":{"referenceName":"salesdbds","type":"DatasetReference","parameters":{}}}},{"name":"Lookup New Watermark","type":"Lookup","dependsOn":[],"policy":{"timeout":"7.00:00:00","retry":0,"retryIntervalInSeconds":30,"secureOutput":false,"secureInput":false},"userProperties":[],"typeProperties":{"source":{"type":"AzureSqlSource","sqlReaderQuery":{"value":"SELECT MAX(updated_at) as NewWatermarkvalue FROM @{item().Table_Name}","type":"Expression"},"queryTimeout":"02:00:00","partitionOption":"None"},"dataset":{"referenceName":"salesdbds","type":"DatasetReference","parameters":{}}}},{"name":"Copy Table Data","type":"Copy","dependsOn":[{"activity":"Lookup Old Watermark","dependencyConditions":["Succeeded"]},{"activity":"Lookup New Watermark","dependencyConditions":["Succeeded"]}],"policy":{"timeout":"7.00:00:00","retry":0,"retryIntervalInSeconds":30,"secureOutput":false,"secureInput":false},"userProperties":[],"typeProperties":{"source":{"type":"AzureSqlSource","sqlReaderQuery":{"value":"SELECT * FROM @{item().Table_Name} WHERE updated_at > '@{activity('Lookup Old Watermark').output.firstRow.watermark_value}'","type":"Expression"},"queryTimeout":"02:00:00","partitionOption":"None"},"sink":{"type":"DelimitedTextSink","storeSettings":{"type":"AzureBlobFSWriteSettings"},"formatSettings":{"type":"DelimitedTextWriteSettings","quoteAllText":true,"fileExtension":".txt"}},"enableStaging":false,"translator":{"type":"TabularTranslator","typeConversion":true,"typeConversionSettings":{"allowDataTruncation":true,"treatBooleanAsNumber":false}}},"inputs":[{"referenceName":"salesdbds","type":"DatasetReference","parameters":{}}],"outputs":[{"referenceName":"SalesDelimitedText","type":"DatasetReference","parameters":{}}]},{"name":"Update Watermark","type":"SqlServerStoredProcedure","dependsOn":[{"activity":"Copy Table Data","dependencyConditions":["Succeeded"]}],"policy":{"timeout":"7.00:00:00","retry":0,"retryIntervalInSeconds":30,"secureOutput":false,"secureInput":false},"userProperties":[],"typeProperties":{"storedProcedureName":"[[dbo].[usp_write_watermark]","storedProcedureParameters":{"LastModifiedtime ":{"value":{"value":"@{activity('Lookup New Watermark').output.firstRow.NewWatermarkvalue}","type":"Expression"},"type":"Datetime"},"TableName":{"value":{"value":"@{activity('Lookup Old Watermark').output.firstRow.table_name}","type":"Expression"},"type":"String"}}},"linkedServiceName":{"referenceName":"[parameters('salesdbsource')]","type":"LinkedServiceReference"}}]}},{"name":"Get Geo-location Mapping","type":"Copy","dependsOn":[{"activity":"Get Secret","dependencyConditions":["Succeeded"]}],"policy":{"timeout":"7.00:00:00","retry":0,"retryIntervalInSeconds":30,"secureOutput":false,"secureInput":false},"userProperties":[],"typeProperties":{"source":{"type":"DelimitedTextSource","storeSettings":{"type":"HttpReadSettings","requestMethod":"GET"},"formatSettings":{"type":"DelimitedTextReadSettings"}},"sink":{"type":"DelimitedTextSink","storeSettings":{"type":"AzureBlobFSWriteSettings"},"formatSettings":{"type":"DelimitedTextWriteSettings","quoteAllText":true,"fileExtension":".txt"}},"enableStaging":false,"translator":{"type":"TabularTranslator","typeConversion":true,"typeConversionSettings":{"allowDataTruncation":true,"treatBooleanAsNumber":false}}},"inputs":[{"referenceName":"GeoDelimitedTextSource","type":"DatasetReference","parameters":{}}],"outputs":[{"referenceName":"GeoDelimitedTextSync","type":"DatasetReference","parameters":{}}]},{"name":"Find Currencies","type":"Lookup","dependsOn":[{"activity":"For Each Table","dependencyConditions":["Succeeded"]}],"policy":{"timeout":"7.00:00:00","retry":0,"retryIntervalInSeconds":30,"secureOutput":false,"secureInput":false},"userProperties":[],"typeProperties":{"source":{"type":"AzureSqlSource","sqlReaderQuery":"SELECT DISTINCT currency FROM [dbo].[store_orders] WHERE currency <> 'USD'","queryTimeout":"02:00:00","partitionOption":"None"},"dataset":{"referenceName":"salesdbds","type":"DatasetReference","parameters":{}},"firstRowOnly":false}},{"name":"For Each Currency","type":"ForEach","dependsOn":[{"activity":"Find Currencies","dependencyConditions":["Succeeded"]}],"userProperties":[],"typeProperties":{"items":{"value":"@activity('Find Currencies').output.value","type":"Expression"},"activities":[{"name":"Get Currency Value","type":"Copy","dependsOn":[],"policy":{"timeout":"7.00:00:00","retry":0,"retryIntervalInSeconds":30,"secureOutput":false,"secureInput":false},"userProperties":[],"typeProperties":{"source":{"type":"RestSource","httpRequestTimeout":"00:01:40","requestInterval":"00.00:00:00.010","requestMethod":"GET"},"sink":{"type":"DelimitedTextSink","storeSettings":{"type":"AzureBlobFSWriteSettings"},"formatSettings":{"type":"DelimitedTextWriteSettings","quoteAllText":true,"fileExtension":".txt"}},"enableStaging":false},"inputs":[{"referenceName":"RestResource1","type":"DatasetReference","parameters":{}}],"outputs":[{"referenceName":"CurrencyDelimitedText","type":"DatasetReference","parameters":{}}]}]}},{"name":"Copy Website Tracking Data","type":"Copy","dependsOn":[{"activity":"For Each Currency","dependencyConditions":["Succeeded"]}],"policy":{"timeout":"7.00:00:00","retry":0,"retryIntervalInSeconds":30,"secureOutput":false,"secureInput":false},"userProperties":[],"typeProperties":{"source":{"type":"JsonSource","storeSettings":{"type":"AzureBlobStorageReadSettings","recursive":true,"enablePartitionDiscovery":false,"prefix":"electroniz_access"},"formatSettings":{"type":"JsonReadSettings"}},"sink":{"type":"JsonSink","storeSettings":{"type":"AzureBlobFSWriteSettings"},"formatSettings":{"type":"JsonWriteSettings"}},"enableStaging":false},"inputs":[{"referenceName":"TrackingJSON","type":"DatasetReference","parameters":{}}],"outputs":[{"referenceName":"TrackingJSONSync","type":"DatasetReference","parameters":{}}]},{"name":"Delete Website Tracking Logs","type":"Delete","dependsOn":[{"activity":"Copy Website Tracking Data","dependencyConditions":["Succeeded"]}],"policy":{"timeout":"7.00:00:00","retry":0,"retryIntervalInSeconds":30,"secureOutput":false,"secureInput":false},"userProperties":[],"typeProperties":{"dataset":{"referenceName":"TrackingJSON","type":"DatasetReference","parameters":{}},"enableLogging":false,"storeSettings":{"type":"AzureBlobStorageReadSettings","recursive":true,"enablePartitionDiscovery":false}}}],"annotations":[],"lastPublishTime":"2021-07-06T19:42:59Z"},"dependsOn":["[concat(variables('factoryId'), '/datasets/salesdbds')]","[concat(variables('factoryId'), '/datasets/GeoDelimitedTextSource')]","[concat(variables('factoryId'), '/datasets/GeoDelimitedTextSync')]","[concat(variables('factoryId'), '/datasets/TrackingJSON')]","[concat(variables('factoryId'), '/datasets/TrackingJSONSync')]","[concat(variables('factoryId'), '/datasets/SalesDelimitedText')]","[concat(variables('factoryId'), '/datasets/RestResource1')]","[concat(variables('factoryId'), '/datasets/CurrencyDelimitedText')]"]},{"name":"[concat(parameters('factoryName'), '/electroniz_curation_pipeline')]","type":"Microsoft.DataFactory/factories/pipelines","apiVersion":"2018-06-01","properties":{"description":"This pipeline will curate data for sales database, currency conversion, geo-location and ecommerce website tracking logs by fetching from th bronze layer and saving it in the silver layer.","activities":[{"name":"Get Secret","type":"WebActivity","dependsOn":[],"policy":{"timeout":"7.00:00:00","retry":0,"retryIntervalInSeconds":30,"secureOutput":false,"secureInput":false},"userProperties":[],"typeProperties":{"url":"https://train11kvea444t6elpjao.vault.azure.net/secrets/dfADLSKEY/b8b9e594a3a34cac9c9ec2b09e18090b?api-version=7.0","method":"GET","headers":{},"authentication":{"type":"MSI","resource":"https://vault.azure.net"}}},{"name":"Run Curation Notebook","type":"DatabricksNotebook","dependsOn":[{"activity":"Get Secret","dependencyConditions":["Succeeded"]}],"policy":{"timeout":"7.00:00:00","retry":0,"retryIntervalInSeconds":30,"secureOutput":false,"secureInput":false},"userProperties":[],"typeProperties":{"notebookPath":"/Users/datauniversity.ca_gmail.com#ext#@datauniversitycagmail.onmicrosoft.com/electroniz_curation_notebook","baseParameters":{"STORAGE_ACCOUNT":{"value":"@pipeline().parameters.STORAGE_ACCOUNT","type":"Expression"},"BRONZE_LAYER_NAMESPACE":{"value":"@pipeline().parameters.BRONZE_LAYER_NAMESPACE","type":"Expression"},"SILVER_LAYER_NAMESPACE":{"value":"@pipeline().parameters.SILVER_LAYER_NAMESPACE","type":"Expression"},"STORE_SALES_FOLDER":{"value":"@pipeline().parameters.STORE_SALES_FOLDER","type":"Expression"},"ADLS_FOLDER":{"value":"@pipeline().parameters.ADLS_FOLDER","type":"Expression"},"TABLE_LIST":{"value":"@pipeline().parameters.TABLE_LIST","type":"Expression"},"CURRENCY_LIST":{"value":"@pipeline().parameters.CURRENCY_LIST","type":"Expression"},"CURRENCY_FOLDER":{"value":"@pipeline().parameters.CURRENCY_FOLDER","type":"Expression"},"GEOLOCATION_FOLDER":{"value":"@pipeline().parameters.GEOLOCATION_FOLDER","type":"Expression"},"LOGS_FOLDER":{"value":"@pipeline().parameters.LOGS_FOLDER","type":"Expression"},"ECOMM_FOLDER":{"value":"@pipeline().parameters.ECOMM_FOLDER","type":"Expression"},"ADLS_KEY":{"value":"@activity('Get Secret').output.value","type":"Expression"}}},"linkedServiceName":{"referenceName":"[parameters('Curation Spark Cluster')]","type":"LinkedServiceReference"}}],"parameters":{"STORAGE_ACCOUNT":{"type":"string"},"BRONZE_LAYER_NAMESPACE":{"type":"string"},"SILVER_LAYER_NAMESPACE":{"type":"string"},"STORE_SALES_FOLDER":{"type":"string"},"ADLS_FOLDER":{"type":"string"},"TABLE_LIST":{"type":"string"},"CURRENCY_LIST":{"type":"string"},"CURRENCY_FOLDER":{"type":"string"},"GEOLOCATION_FOLDER":{"type":"string"},"LOGS_FOLDER":{"type":"string"},"ECOMM_FOLDER":{"type":"string"}},"annotations":[],"lastPublishTime":"2021-07-07T19:47:28Z"},"dependsOn":[]},{"name":"[concat(parameters('factoryName'), '/electroniz_aggregation_pipeline')]","type":"Microsoft.DataFactory/factories/pipelines","apiVersion":"2018-06-01","properties":{"description":"This pipeline will aggregate data from sales database, currency  conversion, geo-location and ecommerce website tracking","activities":[{"name":"Get Secret","type":"WebActivity","dependsOn":[],"policy":{"timeout":"7.00:00:00","retry":0,"retryIntervalInSeconds":30,"secureOutput":false,"secureInput":false},"userProperties":[],"typeProperties":{"url":"https://train11kvea444t6elpjao.vault.azure.net/secrets/dfADLSSASKEY/e5919084b6a447b789673b272c739b3e?api-version=7.0","method":"GET","headers":{},"authentication":{"type":"MSI","resource":"https://vault.azure.net"}}},{"name":"Drop Gold Layer Tables","type":"SqlServerStoredProcedure","dependsOn":[{"activity":"Get Secret","dependencyConditions":["Succeeded"]}],"policy":{"timeout":"7.00:00:00","retry":0,"retryIntervalInSeconds":30,"secureOutput":false,"secureInput":false},"userProperties":[],"typeProperties":{"storedProcedureName":"[[dbo].[drop_gold_tables]","storedProcedureParameters":{"goldns":{"value":{"value":"@pipeline().parameters.GOLD_LAYER_NAMESPACE","type":"Expression"},"type":"String"}}},"linkedServiceName":{"referenceName":"[parameters('Synapse Serverless')]","type":"LinkedServiceReference"}},{"name":"Create Synapse Credentials","type":"SqlServerStoredProcedure","dependsOn":[{"activity":"Drop Gold Layer Tables","dependencyConditions":["Succeeded"]}],"policy":{"timeout":"7.00:00:00","retry":0,"retryIntervalInSeconds":30,"secureOutput":false,"secureInput":false},"userProperties":[],"typeProperties":{"storedProcedureName":"[[dbo].[create_synapse_creds]","storedProcedureParameters":{"format":{"value":{"value":"@pipeline().parameters.EXT_TAB_FILE_FORMAT","type":"Expression"},"type":"String"},"extds":{"value":{"value":"@pipeline().parameters.EXT_DATA_SOURCE","type":"Expression"},"type":"String"},"creds":{"value":{"value":"@pipeline().parameters.EXT_CREDENTIALS","type":"Expression"},"type":"String"},"secret":{"value":{"value":"@activity('Get Secret').output.value","type":"Expression"},"type":"String"},"location":{"value":{"value":"@pipeline().parameters.EXT_TAB_LOCATION","type":"Expression"},"type":"String"}}},"linkedServiceName":{"referenceName":"[parameters('Synapse Serverless')]","type":"LinkedServiceReference"}},{"name":"Create Silver Layer Views","type":"SqlServerStoredProcedure","dependsOn":[{"activity":"Create Synapse Credentials","dependencyConditions":["Succeeded"]}],"policy":{"timeout":"7.00:00:00","retry":0,"retryIntervalInSeconds":30,"secureOutput":false,"secureInput":false},"userProperties":[],"typeProperties":{"storedProcedureName":"[[dbo].[create_silver_views]","storedProcedureParameters":{"silverns":{"value":{"value":"@pipeline().parameters.SILVER_LAYER_NAMESPACE","type":"Expression"},"type":"String"},"location":{"value":{"value":"@pipeline().parameters.EXT_TAB_LOCATION","type":"Expression"},"type":"String"}}},"linkedServiceName":{"referenceName":"[parameters('Synapse Serverless')]","type":"LinkedServiceReference"}},{"name":"Cleanup Gold Data","type":"Delete","dependsOn":[{"activity":"Create Silver Layer Views","dependencyConditions":["Succeeded"]}],"policy":{"timeout":"7.00:00:00","retry":0,"retryIntervalInSeconds":30,"secureOutput":false,"secureInput":false},"userProperties":[],"typeProperties":{"dataset":{"referenceName":"gold_data","type":"DatasetReference","parameters":{}},"enableLogging":false,"storeSettings":{"type":"AzureBlobFSReadSettings","recursive":true,"enablePartitionDiscovery":false}}},{"name":"Create Gold Layer Tables","type":"SqlServerStoredProcedure","dependsOn":[{"activity":"Cleanup Gold Data","dependencyConditions":["Succeeded"]}],"policy":{"timeout":"7.00:00:00","retry":0,"retryIntervalInSeconds":30,"secureOutput":false,"secureInput":false},"userProperties":[],"typeProperties":{"storedProcedureName":"[[dbo].[create_gold_tables]","storedProcedureParameters":{"goldns":{"value":{"value":"@pipeline().parameters.GOLD_LAYER_NAMESPACE","type":"Expression"},"type":"String"},"format":{"value":{"value":"@pipeline().parameters.EXT_TAB_FILE_FORMAT","type":"Expression"},"type":"String"},"extds":{"value":{"value":"@pipeline().parameters.EXT_DATA_SOURCE","type":"Expression"},"type":"String"}}},"linkedServiceName":{"referenceName":"[parameters('Synapse Serverless')]","type":"LinkedServiceReference"}}],"parameters":{"EXT_TAB_FILE_FORMAT":{"type":"string"},"EXT_DATA_SOURCE":{"type":"string"},"EXT_CREDENTIALS":{"type":"string"},"EXT_TAB_LOCATION":{"type":"string"},"SILVER_LAYER_NAMESPACE":{"type":"string"},"GOLD_LAYER_NAMESPACE":{"type":"string"}},"annotations":[],"lastPublishTime":"2021-07-06T22:20:00Z"},"dependsOn":["[concat(variables('factoryId'), '/datasets/gold_data')]"]},{"name":"[concat(parameters('factoryName'), '/salesdbds')]","type":"Microsoft.DataFactory/factories/datasets","apiVersion":"2018-06-01","properties":{"linkedServiceName":{"referenceName":"[parameters('salesdbsource')]","type":"LinkedServiceReference"},"annotations":[],"type":"AzureSqlTable","schema":[],"typeProperties":{}},"dependsOn":[]},{"name":"[concat(parameters('factoryName'), '/GeoDelimitedTextSource')]","type":"Microsoft.DataFactory/factories/datasets","apiVersion":"2018-06-01","properties":{"linkedServiceName":{"referenceName":"[parameters('httpsource')]","type":"LinkedServiceReference"},"annotations":[],"type":"DelimitedText","typeProperties":{"location":{"type":"HttpServerLocation"},"columnDelimiter":",","escapeChar":"\\","quoteChar":"\""},"schema":[]},"dependsOn":[]},{"name":"[concat(parameters('factoryName'), '/GeoDelimitedTextSync')]","type":"Microsoft.DataFactory/factories/datasets","apiVersion":"2018-06-01","properties":{"linkedServiceName":{"referenceName":"[parameters('traininglakehouse')]","type":"LinkedServiceReference"},"annotations":[],"type":"DelimitedText","typeProperties":{"location":{"type":"AzureBlobFSLocation","folderPath":{"value":"geolocation/@{formatDateTime(utcnow(),'yyyy')}/@{formatDateTime(utcnow(),'MM')}/@{formatDateTime(utcnow(),'dd')}/@{formatDateTime(utcnow(),'HH')}","type":"Expression"},"fileSystem":"bronze"},"columnDelimiter":",","escapeChar":"\\","quoteChar":"\""},"schema":[]},"dependsOn":[]},{"name":"[concat(parameters('factoryName'), '/TrackingJSON')]","type":"Microsoft.DataFactory/factories/datasets","apiVersion":"2018-06-01","properties":{"linkedServiceName":{"referenceName":"[parameters('websitetrackinglogs')]","type":"LinkedServiceReference"},"annotations":[],"type":"Json","typeProperties":{"location":{"type":"AzureBlobStorageLocation","container":"ecommercelogs1234"}},"schema":{}},"dependsOn":[]},{"name":"[concat(parameters('factoryName'), '/TrackingJSONSync')]","type":"Microsoft.DataFactory/factories/datasets","apiVersion":"2018-06-01","properties":{"linkedServiceName":{"referenceName":"[parameters('traininglakehouse')]","type":"LinkedServiceReference"},"annotations":[],"type":"Json","typeProperties":{"location":{"type":"AzureBlobFSLocation","folderPath":{"value":"logs/@{formatDateTime(utcnow(),'yyyy')}/@{formatDateTime(utcnow(),'MM')}/@{formatDateTime(utcnow(),'dd')}/@{formatDateTime(utcnow(),'HH')}","type":"Expression"},"fileSystem":"bronze"}},"schema":{}},"dependsOn":[]},{"name":"[concat(parameters('factoryName'), '/gold_data')]","type":"Microsoft.DataFactory/factories/datasets","apiVersion":"2018-06-01","properties":{"linkedServiceName":{"referenceName":"[parameters('traininglakehouse')]","type":"LinkedServiceReference"},"annotations":[],"type":"Binary","typeProperties":{"location":{"type":"AzureBlobFSLocation","folderPath":"external","fileSystem":"gold"}}},"dependsOn":[]},{"name":"[concat(parameters('factoryName'), '/SalesDelimitedText')]","type":"Microsoft.DataFactory/factories/datasets","apiVersion":"2018-06-01","properties":{"linkedServiceName":{"referenceName":"[parameters('traininglakehouse')]","type":"LinkedServiceReference"},"parameters":{"FileExt":{"type":"string","defaultValue":"csv"},"FileTime":{"type":"string","defaultValue":"@pipeline().TriggerTime"}},"annotations":[],"type":"DelimitedText","typeProperties":{"location":{"type":"AzureBlobFSLocation","fileName":{"value":"@concat(dataset().FileTime,'.',dataset().FileExt)","type":"Expression"},"folderPath":{"value":"sales/@{activity('Lookup Old Watermark').output.firstRow.table_name}/@{formatDateTime(utcnow(),'yyyy')}/@{formatDateTime(utcnow(),'MM')}/@{formatDateTime(utcnow(),'dd')}/@{formatDateTime(utcnow(),'HH')}","type":"Expression"},"fileSystem":"bronze"},"columnDelimiter":",","escapeChar":"\\","quoteChar":"\""},"schema":[]},"dependsOn":[]},{"name":"[concat(parameters('factoryName'), '/RestResource1')]","type":"Microsoft.DataFactory/factories/datasets","apiVersion":"2018-06-01","properties":{"linkedServiceName":{"referenceName":"[parameters('restsource')]","type":"LinkedServiceReference"},"annotations":[],"type":"RestResource","typeProperties":{"relativeUrl":{"value":"convert?q=USD_@{item().Currency}&compact=ultra&apiKey=@{activity('Get Secret').output.value}","type":"Expression"}},"schema":[]},"dependsOn":[]},{"name":"[concat(parameters('factoryName'), '/CurrencyDelimitedText')]","type":"Microsoft.DataFactory/factories/datasets","apiVersion":"2018-06-01","properties":{"linkedServiceName":{"referenceName":"[parameters('traininglakehouse')]","type":"LinkedServiceReference"},"annotations":[],"type":"DelimitedText","typeProperties":{"location":{"type":"AzureBlobFSLocation","folderPath":{"value":"currency/@{item().Currency}/@{formatDateTime(utcnow(),'yyyy')}/@{formatDateTime(utcnow(),'MM')}/@{formatDateTime(utcnow(),'dd')}/@{formatDateTime(utcnow(),'HH')}","type":"Expression"},"fileSystem":"bronze"},"columnDelimiter":",","escapeChar":"\\","quoteChar":"\""},"schema":[]},"dependsOn":[]}]}