{"$schema":"http://schema.management.azure.com/schemas/2015-01-01/deploymentTemplate.json#","contentVersion":"1.0.0.0","parameters":{"factoryName":{"type":"string","metadata":"Data Factory name"},"Synapse Serverless":{"type":"string"}},"variables":{"factoryId":"[concat('Microsoft.DataFactory/factories/', parameters('factoryName'))]"},"resources":[{"name":"[concat(parameters('factoryName'), '/electroniz_batch_aggregation_pipeline')]","type":"Microsoft.DataFactory/factories/pipelines","apiVersion":"2018-06-01","properties":{"description":"This pipeline will aggregate data from sales database, currency conversion, geo-location and ecommerce website tracking","activities":[{"name":"Get Secret","type":"WebActivity","dependsOn":[],"policy":{"timeout":"7.00:00:00","retry":0,"retryIntervalInSeconds":30,"secureOutput":false,"secureInput":false},"userProperties":[],"typeProperties":{"url":"https://trainingkv1001.vault.azure.net/secrets/ADLSSASKEY/547aea7c6bfd46c4b4e536af9646b33a?api-version=7.0","method":"GET","headers":{},"authentication":{"type":"MSI","resource":"https://vault.azure.net"}}},{"name":"Create Synapse Credentials","type":"SqlServerStoredProcedure","dependsOn":[{"activity":"Get Secret","dependencyConditions":["Succeeded"]}],"policy":{"timeout":"7.00:00:00","retry":0,"retryIntervalInSeconds":30,"secureOutput":false,"secureInput":false},"userProperties":[],"typeProperties":{"storedProcedureName":"[[dbo].[create_synapse_creds]","storedProcedureParameters":{"format":{"value":{"value":"@pipeline().parameters.EXT_TAB_FILE_FORMAT","type":"Expression"},"type":"String"},"extds":{"value":{"value":"@pipeline().parameters.EXT_DATA_SOURCE","type":"Expression"},"type":"String"},"creds":{"value":{"value":"@pipeline().parameters.EXT_CREDENTIALS","type":"Expression"},"type":"String"},"secret":{"value":{"value":"@activity('Get Secret').output.value","type":"Expression"},"type":"String"},"location":{"value":{"value":"@pipeline().parameters.EXT_TAB_LOCATION","type":"Expression"},"type":"String"}}},"linkedServiceName":{"referenceName":"[parameters('Synapse Serverless')]","type":"LinkedServiceReference"}},{"name":"Create Silver Layer Views","type":"SqlServerStoredProcedure","dependsOn":[{"activity":"Create Synapse Credentials","dependencyConditions":["Succeeded"]}],"policy":{"timeout":"7.00:00:00","retry":0,"retryIntervalInSeconds":30,"secureOutput":false,"secureInput":false},"userProperties":[],"typeProperties":{"storedProcedureName":"[[dbo].[create_silver_views]","storedProcedureParameters":{"silverns":{"value":{"value":"@pipeline().parameters.SILVER_LAYER_NAMESPACE","type":"Expression"},"type":"String"},"location":{"value":{"value":"@pipeline().parameters.EXT_TAB_LOCATION","type":"Expression"},"type":"String"}}},"linkedServiceName":{"referenceName":"[parameters('Synapse Serverless')]","type":"LinkedServiceReference"}},{"name":"Create Gold Layer Views","type":"SqlServerStoredProcedure","dependsOn":[{"activity":"Create Silver Layer Views","dependencyConditions":["Succeeded"]}],"policy":{"timeout":"7.00:00:00","retry":0,"retryIntervalInSeconds":30,"secureOutput":false,"secureInput":false},"userProperties":[],"typeProperties":{"storedProcedureName":"[[dbo].[create_gold_views]"},"linkedServiceName":{"referenceName":"[parameters('Synapse Serverless')]","type":"LinkedServiceReference"}}],"parameters":{"EXT_TAB_FILE_FORMAT":{"type":"string"},"EXT_DATA_SOURCE":{"type":"string"},"EXT_CREDENTIALS":{"type":"string"},"EXT_TAB_LOCATION":{"type":"string"},"SILVER_LAYER_NAMESPACE":{"type":"string"}},"annotations":[],"lastPublishTime":"2021-06-16T18:17:05Z"},"dependsOn":[]}]}