{"$schema":"http://schema.management.azure.com/schemas/2015-01-01/deploymentTemplate.json#","contentVersion":"1.0.0.0","parameters":{"factoryName":{"type":"string","metadata":"Data Factory name"},"salesdbsource":{"type":"string"},"httpsource":{"type":"string"},"bronzelayerdestination":{"type":"string"},"restapisource":{"type":"string"}},"variables":{"factoryId":"[concat('Microsoft.DataFactory/factories/', parameters('factoryName'))]"},"resources":[{"name":"[concat(parameters('factoryName'), '/electroniz_ingestion_pipeline')]","type":"Microsoft.DataFactory/factories/pipelines","apiVersion":"2018-06-01","properties":{"activities":[{"name":"Find SalesDB Tables","type":"Lookup","dependsOn":[{"activity":"Get IP Location Mapping","dependencyConditions":["Succeeded"]}],"policy":{"timeout":"7.00:00:00","retry":0,"retryIntervalInSeconds":30,"secureOutput":false,"secureInput":false},"userProperties":[],"typeProperties":{"source":{"type":"AzureSqlSource","sqlReaderQuery":"SELECT QUOTENAME(table_schema)+'.'+QUOTENAME(table_name) AS Table_Name FROM information_Schema.tables WHERE table_name not in ('watermarktable', 'database_firewall_rules')","queryTimeout":"02:00:00","partitionOption":"None"},"dataset":{"referenceName":"salesdbds","type":"DatasetReference","parameters":{}},"firstRowOnly":false}},{"name":"For Each Table","type":"ForEach","dependsOn":[{"activity":"Find SalesDB Tables","dependencyConditions":["Succeeded"]}],"userProperties":[],"typeProperties":{"items":{"value":"@activity('Find SalesDB Tables').output.value","type":"Expression"},"activities":[{"name":"LookupOldWaterMarkActivity","type":"Lookup","dependsOn":[],"policy":{"timeout":"7.00:00:00","retry":0,"retryIntervalInSeconds":30,"secureOutput":false,"secureInput":false},"userProperties":[],"typeProperties":{"source":{"type":"AzureSqlSource","sqlReaderQuery":{"value":"SELECT * FROM [dbo].[watermarktable] AS WatermarkValue WHERE table_name='@{item().Table_Name}'","type":"Expression"},"queryTimeout":"02:00:00","partitionOption":"None"},"dataset":{"referenceName":"salesdbds","type":"DatasetReference","parameters":{}}}},{"name":"LookupNewWaterMarkActivity","type":"Lookup","dependsOn":[],"policy":{"timeout":"7.00:00:00","retry":0,"retryIntervalInSeconds":30,"secureOutput":false,"secureInput":false},"userProperties":[],"typeProperties":{"source":{"type":"AzureSqlSource","sqlReaderQuery":{"value":"SELECT MAX(updated_at) as NewWatermarkvalue FROM @{item().Table_Name} ","type":"Expression"},"queryTimeout":"02:00:00","partitionOption":"None"},"dataset":{"referenceName":"salesdbds","type":"DatasetReference","parameters":{}}}},{"name":"Copy Table Data","type":"Copy","dependsOn":[{"activity":"LookupOldWaterMarkActivity","dependencyConditions":["Succeeded"]},{"activity":"LookupNewWaterMarkActivity","dependencyConditions":["Succeeded"]}],"policy":{"timeout":"7.00:00:00","retry":0,"retryIntervalInSeconds":30,"secureOutput":false,"secureInput":false},"userProperties":[],"typeProperties":{"source":{"type":"AzureSqlSource","sqlReaderQuery":{"value":"SELECT * from @{item().Table_Name} WHERE updated_at> '@{activity('LookupOldWaterMarkActivity').output.firstRow.watermark_value}' and updated_at<= '@{activity('LookupNewWaterMarkActivity').output.firstRow.NewWatermarkvalue} '","type":"Expression"},"queryTimeout":"02:00:00","partitionOption":"None"},"sink":{"type":"DelimitedTextSink","storeSettings":{"type":"AzureBlobFSWriteSettings"},"formatSettings":{"type":"DelimitedTextWriteSettings","quoteAllText":true,"fileExtension":".txt"}},"enableStaging":false,"translator":{"type":"TabularTranslator","typeConversion":true,"typeConversionSettings":{"allowDataTruncation":true,"treatBooleanAsNumber":false}}},"inputs":[{"referenceName":"salesdbds","type":"DatasetReference","parameters":{}}],"outputs":[{"referenceName":"DelimitedText","type":"DatasetReference","parameters":{}}]},{"name":"Update Watermark","type":"SqlServerStoredProcedure","dependsOn":[{"activity":"Copy Table Data","dependencyConditions":["Succeeded"]}],"policy":{"timeout":"7.00:00:00","retry":0,"retryIntervalInSeconds":30,"secureOutput":false,"secureInput":false},"userProperties":[],"typeProperties":{"storedProcedureName":"[[dbo].[usp_write_watermark]","storedProcedureParameters":{"LastModifiedtime":{"value":{"value":"@{activity('LookupNewWaterMarkActivity').output.firstRow.NewWatermarkvalue}","type":"Expression"},"type":"Datetime"},"TableName":{"value":{"value":"@{activity('LookupOldWaterMarkActivity').output.firstRow.table_name}","type":"Expression"},"type":"String"}}},"linkedServiceName":{"referenceName":"[parameters('salesdbsource')]","type":"LinkedServiceReference"}}]}},{"name":"Get IP Location Mapping","type":"Copy","dependsOn":[],"policy":{"timeout":"7.00:00:00","retry":0,"retryIntervalInSeconds":30,"secureOutput":false,"secureInput":false},"userProperties":[],"typeProperties":{"source":{"type":"DelimitedTextSource","storeSettings":{"type":"HttpReadSettings","requestMethod":"GET"},"formatSettings":{"type":"DelimitedTextReadSettings"}},"sink":{"type":"DelimitedTextSink","storeSettings":{"type":"AzureBlobFSWriteSettings"},"formatSettings":{"type":"DelimitedTextWriteSettings","quoteAllText":true,"fileExtension":".txt"}},"enableStaging":false,"translator":{"type":"TabularTranslator","typeConversion":true,"typeConversionSettings":{"allowDataTruncation":true,"treatBooleanAsNumber":false}}},"inputs":[{"referenceName":"DelimitedTextIPCountry","type":"DatasetReference","parameters":{}}],"outputs":[{"referenceName":"DelimitedTextIPCountrySync","type":"DatasetReference","parameters":{}}]},{"name":"Find Currencies","type":"Lookup","dependsOn":[],"policy":{"timeout":"7.00:00:00","retry":0,"retryIntervalInSeconds":30,"secureOutput":false,"secureInput":false},"userProperties":[],"typeProperties":{"source":{"type":"AzureSqlSource","sqlReaderQuery":"SELECT DISTINCT currency FROM [dbo].[store_orders] WHERE currency <> 'USD'","queryTimeout":"02:00:00","partitionOption":"None"},"dataset":{"referenceName":"salesdbds","type":"DatasetReference","parameters":{}},"firstRowOnly":false}},{"name":"For Each Currency","type":"ForEach","dependsOn":[{"activity":"Find Currencies","dependencyConditions":["Succeeded"]}],"userProperties":[],"typeProperties":{"items":{"value":"@activity('Find Currencies').output.value","type":"Expression"},"activities":[{"name":"Convert Currency","type":"Copy","dependsOn":[],"policy":{"timeout":"7.00:00:00","retry":0,"retryIntervalInSeconds":30,"secureOutput":false,"secureInput":false},"userProperties":[],"typeProperties":{"source":{"type":"RestSource","httpRequestTimeout":"00:01:40","requestInterval":"00.00:00:00.010","requestMethod":"GET"},"sink":{"type":"DelimitedTextSink","storeSettings":{"type":"AzureBlobFSWriteSettings"},"formatSettings":{"type":"DelimitedTextWriteSettings","quoteAllText":true,"fileExtension":".txt"}},"enableStaging":false},"inputs":[{"referenceName":"RestResource1","type":"DatasetReference","parameters":{}}],"outputs":[{"referenceName":"CurrencyText","type":"DatasetReference","parameters":{}}]}]}}],"annotations":[],"lastPublishTime":"2021-04-16T21:06:59Z"},"dependsOn":["[concat(variables('factoryId'), '/datasets/salesdbds')]","[concat(variables('factoryId'), '/datasets/DelimitedTextIPCountry')]","[concat(variables('factoryId'), '/datasets/DelimitedTextIPCountrySync')]","[concat(variables('factoryId'), '/datasets/DelimitedText')]","[concat(variables('factoryId'), '/datasets/RestResource1')]","[concat(variables('factoryId'), '/datasets/CurrencyText')]"]},{"name":"[concat(parameters('factoryName'), '/salesdbds')]","type":"Microsoft.DataFactory/factories/datasets","apiVersion":"2018-06-01","properties":{"linkedServiceName":{"referenceName":"[parameters('salesdbsource')]","type":"LinkedServiceReference"},"annotations":[],"type":"AzureSqlTable","schema":[],"typeProperties":{}},"dependsOn":[]},{"name":"[concat(parameters('factoryName'), '/DelimitedTextIPCountry')]","type":"Microsoft.DataFactory/factories/datasets","apiVersion":"2018-06-01","properties":{"linkedServiceName":{"referenceName":"[parameters('httpsource')]","type":"LinkedServiceReference"},"annotations":[],"type":"DelimitedText","typeProperties":{"location":{"type":"HttpServerLocation"},"columnDelimiter":",","escapeChar":"\\","quoteChar":"\""},"schema":[]},"dependsOn":[]},{"name":"[concat(parameters('factoryName'), '/DelimitedTextIPCountrySync')]","type":"Microsoft.DataFactory/factories/datasets","apiVersion":"2018-06-01","properties":{"linkedServiceName":{"referenceName":"[parameters('bronzelayerdestination')]","type":"LinkedServiceReference"},"annotations":[],"type":"DelimitedText","typeProperties":{"location":{"type":"AzureBlobFSLocation","folderPath":"ipcountry","fileSystem":"bronze"},"columnDelimiter":",","escapeChar":"\\","quoteChar":"\""},"schema":[]},"dependsOn":[]},{"name":"[concat(parameters('factoryName'), '/DelimitedText')]","type":"Microsoft.DataFactory/factories/datasets","apiVersion":"2018-06-01","properties":{"linkedServiceName":{"referenceName":"[parameters('bronzelayerdestination')]","type":"LinkedServiceReference"},"annotations":[],"type":"DelimitedText","typeProperties":{"location":{"type":"AzureBlobFSLocation","folderPath":{"value":"sales/@{activity('LookupOldWaterMarkActivity').output.firstRow.table_name}/@{formatDateTime(utcnow(),'yyyy')}/@{formatDateTime(utcnow(),'MM')}/@{formatDateTime(utcnow(),'dd')}/@{formatDateTime(utcnow(),'HH')}","type":"Expression"},"fileSystem":"bronze"},"columnDelimiter":",","escapeChar":"\\","quoteChar":"\""},"schema":[]},"dependsOn":[]},{"name":"[concat(parameters('factoryName'), '/RestResource1')]","type":"Microsoft.DataFactory/factories/datasets","apiVersion":"2018-06-01","properties":{"linkedServiceName":{"referenceName":"[parameters('restapisource')]","type":"LinkedServiceReference"},"annotations":[],"type":"RestResource","typeProperties":{"relativeUrl":{"value":"convert?q=USD_@{item().Currency}&compact=ultra&apiKey=41294c1f55fc2993c875","type":"Expression"}},"schema":[]},"dependsOn":[]},{"name":"[concat(parameters('factoryName'), '/CurrencyText')]","type":"Microsoft.DataFactory/factories/datasets","apiVersion":"2018-06-01","properties":{"linkedServiceName":{"referenceName":"[parameters('bronzelayerdestination')]","type":"LinkedServiceReference"},"annotations":[],"type":"DelimitedText","typeProperties":{"location":{"type":"AzureBlobFSLocation","folderPath":{"value":"currency/@{item().Currency}","type":"Expression"},"fileSystem":"bronze"},"columnDelimiter":",","escapeChar":"\\","quoteChar":"\""},"schema":[]},"dependsOn":[]}]}